{"epochs":{"0":1,"1":2,"2":3,"3":4,"4":5,"5":6,"6":7,"7":8,"8":9,"9":10,"10":11,"11":12,"12":13,"13":14,"14":15,"15":16,"16":17,"17":18,"18":19,"19":20,"20":21,"21":22,"22":23,"23":24,"24":25,"25":26,"26":27,"27":28,"28":29,"29":30,"30":31,"31":32,"32":33,"33":34,"34":35,"35":36,"36":37,"37":38,"38":39,"39":40},"Recall@5":{"0":0.22411,"1":0.2574816667,"2":0.275205,"3":0.2831616667,"4":0.2942833333,"5":0.298015,"6":0.3046866667,"7":0.3048983333,"8":0.307965,"9":0.3088,"10":0.3109666667,"11":0.3133366667,"12":0.3185633333,"13":0.3175533333,"14":0.3203666667,"15":0.3217383333,"16":0.3241716667,"17":0.3226616667,"18":0.3263716667,"19":0.3262216667,"20":0.3275066667,"21":0.3266916667,"22":0.3280533333,"23":0.3309333333,"24":0.3325666667,"25":0.33211,"26":0.3333933333,"27":0.332975,"28":0.3328216667,"29":0.3331666667,"30":0.335155,"31":0.3361033333,"32":0.335345,"33":0.3355366667,"34":0.336155,"35":0.3365783333,"36":0.33815,"37":0.337895,"38":0.3396733333,"39":0.3379683333},"Recall@20":{"0":0.2946456029,"1":0.3247604021,"2":0.3409402413,"3":0.3516216572,"4":0.3607436602,"5":0.363640572,"6":0.3704006657,"7":0.3733404848,"8":0.3764727916,"9":0.3759927798,"10":0.3802126001,"11":0.382813065,"12":0.38789977,"13":0.3862217554,"14":0.3881303622,"15":0.3907567107,"16":0.3935057331,"17":0.3935122886,"18":0.3949911684,"19":0.3958506749,"20":0.3976930452,"21":0.3954854031,"22":0.3967756406,"23":0.4000384414,"24":0.4010216382,"25":0.401921317,"26":0.4035399489,"27":0.403813556,"28":0.4021548027,"29":0.402612032,"30":0.4055403446,"31":0.405671792,"32":0.4067935794,"33":0.405512514,"34":0.4068584386,"35":0.4069071602,"36":0.407353702,"37":0.4080553877,"38":0.4097700984,"39":0.4091266253},"Recall@50":{"0":0.4115424619,"1":0.4473123434,"2":0.4685110897,"3":0.4782024994,"4":0.4872001198,"5":0.4911539705,"6":0.4984317146,"7":0.5008990305,"8":0.5055273606,"9":0.508423032,"10":0.5114388985,"11":0.5135851091,"12":0.5177129078,"13":0.5179939531,"14":0.5213961792,"15":0.5238222593,"16":0.5264431283,"17":0.5263404889,"18":0.5276172102,"19":0.527939829,"20":0.5300795585,"21":0.5280451374,"22":0.5316091956,"23":0.5337903073,"24":0.5347581542,"25":0.5361072617,"26":0.5377653834,"27":0.5378332923,"28":0.537389071,"29":0.5380640115,"30":0.5393648071,"31":0.5398101243,"32":0.539842328,"33":0.5411693373,"34":0.5420646295,"35":0.5415862249,"36":0.5425714122,"37":0.5434476703,"38":0.5434467815,"39":0.5428399616},"NCDG@100":{"0":0.3206364334,"1":0.3533547617,"2":0.3723667779,"3":0.3810390083,"4":0.3895520319,"5":0.392261223,"6":0.3989430204,"7":0.4021224869,"8":0.4052028563,"9":0.4060536365,"10":0.4090723668,"11":0.4131885928,"12":0.4160191553,"13":0.4163316999,"14":0.4187809091,"15":0.4207924239,"16":0.4238483057,"17":0.4239872879,"18":0.4257806352,"19":0.4257975504,"20":0.4275106151,"21":0.4260833804,"22":0.428643158,"23":0.430393502,"24":0.4323072312,"25":0.4325633858,"26":0.4333799249,"27":0.4333674715,"28":0.4334320788,"29":0.4348237643,"30":0.4352694434,"31":0.4358969935,"32":0.4360854497,"33":0.436210707,"34":0.4373546963,"35":0.4365577579,"36":0.437229191,"37":0.4373457605,"38":0.4384819248,"39":0.4371684813},"Coverage@5":{"0":0.0242760618,"1":0.034507722,"2":0.044980695,"3":0.0498552124,"4":0.0541988417,"5":0.0504343629,"6":0.053957529,"7":0.0548262548,"8":0.0534749035,"9":0.0529440154,"10":0.055019305,"11":0.0598455598,"12":0.0641891892,"13":0.0555019305,"14":0.061969112,"15":0.0643822394,"16":0.0665057915,"17":0.0646718147,"18":0.0625965251,"19":0.0606660232,"20":0.0644305019,"21":0.0537644788,"22":0.0590733591,"23":0.0631756757,"24":0.0606177606,"25":0.0646235521,"26":0.0587837838,"27":0.0611003861,"28":0.0583494208,"29":0.0607142857,"30":0.0636583012,"31":0.0608590734,"32":0.0650096525,"33":0.0594111969,"34":0.0630791506,"35":0.0596525097,"36":0.0642374517,"37":0.06496139,"38":0.0673262548,"39":0.0683397683},"Coverage@20":{"0":0.046042471,"1":0.0611003861,"2":0.0797297297,"3":0.0889478764,"4":0.0956563707,"5":0.0926158301,"6":0.0999517375,"7":0.1042471042,"8":0.1030888031,"9":0.1047297297,"10":0.1087837838,"11":0.1164092664,"12":0.1268822394,"13":0.1146718147,"14":0.1239382239,"15":0.1281370656,"16":0.1333494208,"17":0.1331081081,"18":0.1316602317,"19":0.1296814672,"20":0.1357142857,"21":0.1182432432,"22":0.1310328185,"23":0.1360521236,"24":0.1333494208,"25":0.141023166,"26":0.1311776062,"27":0.1353281853,"28":0.1317084942,"29":0.1352799228,"30":0.1380791506,"31":0.1367277992,"32":0.1430501931,"33":0.1310328185,"34":0.1412644788,"35":0.1350868726,"36":0.1410714286,"37":0.1426640927,"38":0.1461872587,"39":0.1488416988},"Coverage@50":{"0":0.0696911197,"1":0.0902509653,"2":0.1124034749,"3":0.1263996139,"4":0.1371138996,"5":0.1348455598,"6":0.144546332,"7":0.1476351351,"8":0.1480212355,"9":0.1525579151,"10":0.1583494208,"11":0.1657335907,"12":0.1788127413,"13":0.1686293436,"14":0.1786196911,"15":0.1852316602,"16":0.1900096525,"17":0.1915540541,"18":0.1899131274,"19":0.1891891892,"20":0.1980694981,"21":0.1793918919,"22":0.1929054054,"23":0.2006274131,"24":0.1986969112,"25":0.2061293436,"26":0.1986969112,"27":0.2040540541,"28":0.1986486486,"29":0.2042471042,"30":0.2091216216,"31":0.2077702703,"32":0.2138996139,"33":0.2023648649,"34":0.2125,"35":0.2061776062,"36":0.2138030888,"37":0.215492278,"38":0.2204150579,"39":0.2202220077},"Coverage@100":{"0":0.0963320463,"1":0.1195945946,"2":0.1465733591,"3":0.1630791506,"4":0.1756274131,"5":0.1736486486,"6":0.1864382239,"7":0.1917953668,"8":0.1918918919,"9":0.1987451737,"10":0.2045849421,"11":0.2097007722,"12":0.2263513514,"13":0.2166023166,"14":0.2254826255,"15":0.2316119691,"16":0.2388513514,"17":0.2398648649,"18":0.2413127413,"19":0.2377895753,"20":0.2489382239,"21":0.2304054054,"22":0.2430019305,"23":0.2522683398,"24":0.2490830116,"25":0.2577702703,"26":0.2511100386,"27":0.2555019305,"28":0.250965251,"29":0.2555501931,"30":0.2608108108,"31":0.2597007722,"32":0.2643822394,"33":0.2563706564,"34":0.2652509653,"35":0.2599420849,"36":0.266023166,"37":0.268484556,"38":0.2731177606,"39":0.2741312741}}