{"epochs":{"0":1,"1":2,"2":3,"3":4,"4":5,"5":6,"6":7,"7":8,"8":9,"9":10,"10":11,"11":12,"12":13,"13":14,"14":15,"15":16,"16":17,"17":18,"18":19,"19":20,"20":21,"21":22,"22":23,"23":24,"24":25,"25":26,"26":27,"27":28,"28":29,"29":30,"30":31,"31":32,"32":33,"33":34,"34":35,"35":36,"36":37,"37":38,"38":39,"39":40},"loss":{"0":20.8924350739,"1":16.1216983795,"2":15.4988603592,"3":15.1550035477,"4":14.966881752,"5":14.7837591171,"6":14.6377506256,"7":14.5376663208,"8":14.4493923187,"9":14.3494577408,"10":14.2539510727,"11":14.1885004044,"12":14.1040859222,"13":14.0456943512,"14":13.9918689728,"15":13.9127473831,"16":13.8690414429,"17":13.800491333,"18":13.7576475143,"19":13.6612987518,"20":13.6389694214,"21":13.5817279816,"22":13.5143823624,"23":13.4776067734,"24":13.4412412643,"25":13.3913145065,"26":13.324631691,"27":13.2932739258,"28":13.2685222626,"29":13.2166872025,"30":13.1626062393,"31":13.1357889175,"32":13.1103715897,"33":13.0477743149,"34":13.024515152,"35":12.9800596237,"36":12.9429292679,"37":12.9047193527,"38":12.8593854904,"39":12.8274774551},"val_loss":{"0":25.9079399109,"1":24.4836578369,"2":23.9668960571,"3":23.6348018646,"4":23.4705791473,"5":23.3288059235,"6":23.2925701141,"7":23.3530902863,"8":23.3723278046,"9":23.6102333069,"10":23.6559066772,"11":24.0771255493,"12":24.0522441864,"13":24.1568832397,"14":24.4817790985,"15":24.9346618652,"16":25.0019416809,"17":25.4033069611,"18":25.5274677277,"19":25.9099712372,"20":26.2190761566,"21":26.2816333771,"22":26.7066764832,"23":27.2385959625,"24":27.4907665253,"25":27.9714679718,"26":27.8083724976,"27":28.1874008179,"28":28.8498153687,"29":28.9368286133,"30":29.4403400421,"31":29.5305328369,"32":30.4406108856,"33":30.189535141,"34":30.8959579468,"35":30.7712402344,"36":31.5957508087,"37":32.1883468628,"38":32.6792030334,"39":33.289768219}}